<?xml version="1.0" encoding="ISO-8859-1"?>
<markers>
	<marker lat="50.9859" lng="-114.058" storename="Deerfoot Meadows" theaddress="100-33 HERITAGE MEADOWS WAY SE" city="Calgary" province="Alberta" postal="T2H 3B8" />
	<marker lat="51.0563" lng="-114.095" storename="NORTH HILL S/C" theaddress="1632-14TH AVENUE" city="Calgary" province="Alberta" postal="T2N 1M7" />
	<marker lat="51.0947" lng="-114.142" storename="MARKET MALL" theaddress="RO47-3625 SHAGANAPPI TRAIL NW" city="Calgary" province="Alberta" postal="T3A 0E2" />
	<marker lat="51.0404" lng="-114.131" storename="WESTBROOK MALL" theaddress="1200 37 ST SW" city="Calgary" province="Alberta" postal="T3C 1S2" />
	<marker lat="51.0921" lng="-113.919" storename="SUNRIDGE MALL" theaddress="2525-36TH STREET NE" city="Calgary" province="Alberta" postal="T1Y 5T4" />
	<marker lat="51.0469" lng="-113.918" storename="MARLBOROUGH MALL" theaddress="1240 - 3800 MEMORIAL DR. N.E." city="Calgary" province="Alberta" postal="T2A 2K2" />
	<marker lat="51.15" lng="-114.062" storename="COVENTRY HILLS CENTRE" theaddress="130 COUNTRY VILLAGE RD NE" city="Calgary" province="Alberta" postal="T3K 6B8" />
	<marker lat="50.9859" lng="-114.058" storename="CHINOOK CENTRE" theaddress="6455 Macleod Trail SW" city="Calgary" province="Alberta" postal="T2H 0K9" />
	<marker lat="50.9921" lng="-114.04" storename="SOUTHCENTRE MALL" theaddress="100 ANDERSON ROAD NE" city="Calgary" province="Alberta" postal="T2J 3V1" />
	<marker lat="50.9296" lng="-113.962" storename="SOUTH TRAIL" theaddress="4777 130 AVE SE" city="Calgary" province="Alberta" postal="T2Z 4J2" />
</markers>